Customer ID,CohortMonth
12346,2009-12
12347,2010-10
12348,2010-09
12349,2010-04
12351,2010-11
12352,2010-11
12353,2010-10
12355,2010-05
12356,2010-10
12357,2010-11
12358,2009-12
12359,2009-12
12360,2010-02
12361,2010-01
12362,2009-12
12366,2010-03
12368,2010-03
12369,2010-03
12370,2010-02
12371,2010-03
12373,2010-02
12374,2010-04
12376,2010-10
12377,2010-04
12378,2010-05
12379,2010-06
12380,2010-02
12385,2010-11
12386,2010-12
12387,2010-10
12388,2010-05
12389,2010-02
12391,2010-02
12392,2010-04
12393,2010-10
12395,2010-04
12396,2010-02
12399,2010-03
12400,2010-10
12402,2010-02
12403,2010-07
12404,2010-01
12406,2010-01
12408,2010-07
12409,2010-05
12410,2010-07
12411,2010-10
12412,2010-06
12413,2010-11
12414,2010-09
12415,2010-06
12416,2010-02
12417,2009-12
12418,2010-03
12419,2010-10
12421,2010-07
12422,2009-12
12423,2010-08
12424,2010-06
12425,2010-09
12426,2010-02
12427,2010-12
12429,2010-06
12431,2010-01
12433,2010-08
12434,2010-11
12435,2009-12
12437,2009-12
12439,2009-12
12440,2009-12
12441,2010-12
12443,2009-12
12445,2010-10
12449,2010-09
12450,2010-08
12451,2010-06
12454,2010-10
12455,2009-12
12457,2010-09
12458,2010-08
12459,2010-04
12460,2010-09
12466,2010-01
12467,2010-10
12468,2010-01
12469,2010-06
12470,2010-01
12471,2009-12
12472,2009-12
12474,2010-02
12475,2010-10
12476,2010-07
12477,2010-03
12480,2010-07
12481,2010-04
12482,2010-02
12483,2010-01
12484,2010-01
12485,2010-06
12486,2010-10
12487,2009-12
12490,2009-12
12492,2010-11
12494,2010-05
12495,2010-03
12496,2010-03
12497,2010-03
12499,2010-05
12500,2010-02
12503,2010-05
12504,2010-04
12505,2010-10
12507,2010-05
12510,2009-12
12511,2010-10
12514,2010-03
12516,2010-04
12519,2010-08
12523,2009-12
12524,2010-02
12525,2010-03
12527,2010-06
12529,2010-06
12530,2010-03
12531,2010-01
12533,2009-12
12537,2010-10
12538,2010-11
12539,2009-12
12540,2009-12
12542,2010-03
12543,2010-09
12547,2010-07
12549,2010-01
12553,2010-10
12554,2010-09
12555,2010-01
12557,2009-12
12562,2010-09
12563,2010-10
12567,2010-02
12568,2010-03
12570,2010-01
12573,2010-08
12575,2010-07
12576,2010-07
12577,2009-12
12578,2010-09
12580,2010-05
12582,2010-05
12583,2009-12
12586,2009-12
12588,2010-04
12589,2010-01
12591,2010-10
12592,2010-07
12594,2010-03
12595,2010-07
12598,2010-03
12599,2010-05
12600,2009-12
12601,2010-10
12605,2010-09
12606,2010-01
12608,2010-10
12609,2009-12
12613,2009-12
12615,2010-03
12616,2010-11
12619,2010-05
12621,2010-02
12623,2010-01
12625,2010-04
12629,2010-10
12631,2010-01
12632,2010-05
12633,2010-07
12634,2010-06
12635,2010-09
12636,2009-12
12637,2010-06
12638,2010-03
12639,2010-03
12643,2010-04
12644,2010-01
12645,2010-02
12647,2010-01
12648,2010-01
12649,2010-01
12651,2010-08
12652,2010-10
12653,2010-07
12655,2010-10
12656,2010-05
12661,2010-09
12662,2010-04
12663,2010-02
12664,2009-12
12665,2010-02
12666,2010-11
12668,2010-01
12670,2010-02
12671,2010-04
12672,2010-04
12673,2010-11
12675,2010-05
12676,2010-08
12677,2010-02
12678,2010-01
12681,2009-12
12682,2009-12
12683,2009-12
12686,2010-12
12687,2010-08
12691,2010-10
12692,2010-03
12693,2010-07
12694,2010-10
12695,2010-02
12696,2010-07
12698,2010-04
12699,2010-10
12701,2010-03
12703,2010-01
12705,2010-06
12708,2009-12
12709,2009-12
12711,2010-02
12712,2009-12
12714,2009-12
12717,2010-04
12720,2010-07
12721,2010-08
12724,2010-06
12725,2010-05
12726,2010-03
12727,2010-02
12728,2010-11
12730,2010-07
12731,2010-03
12733,2010-01
12734,2010-11
12737,2010-07
12738,2010-12
12739,2010-11
12741,2010-06
12742,2010-03
12744,2010-04
12745,2010-01
12746,2010-06
12747,2009-12
12748,2009-12
12749,2010-07
12751,2010-09
12755,2010-01
12758,2009-12
12759,2009-12
12760,2010-09
12761,2010-09
12763,2010-12
12765,2010-03
12766,2010-10
12767,2010-11
12768,2010-09
12770,2010-09
12771,2010-08
12773,2010-05
12774,2010-06
12775,2010-10
12776,2010-02
12777,2010-09
12778,2010-04
12779,2009-12
12780,2010-04
12782,2010-07
12784,2010-06
12785,2009-12
12786,2010-04
12787,2010-10
12788,2010-06
12789,2010-01
12790,2010-10
12791,2010-03
12792,2010-06
12793,2010-11
12796,2010-03
12797,2010-10
12798,2010-10
12799,2010-06
12800,2010-02
12801,2010-07
12802,2010-05
12803,2010-11
12804,2010-07
12805,2010-02
12806,2010-04
12807,2010-11
12808,2010-09
12809,2010-03
12810,2010-02
12811,2010-10
12813,2010-01
12817,2010-10
12819,2010-09
12820,2009-12
12821,2010-04
12823,2010-01
12825,2010-03
12826,2009-12
12829,2010-06
12831,2010-09
12835,2009-12
12836,2009-12
12837,2010-05
12838,2010-04
12839,2009-12
12840,2010-02
12841,2010-07
12842,2009-12
12843,2009-12
12844,2010-04
12846,2010-01
12847,2010-11
12848,2010-02
12849,2010-04
12850,2010-09
12851,2010-08
12853,2010-02
12854,2009-12
12855,2010-11
12857,2010-01
12858,2010-11
12859,2010-09
12860,2010-01
12861,2010-03
12862,2010-08
12863,2010-04
12864,2010-07
12865,2010-08
12866,2010-07
12867,2009-12
12868,2010-11
12869,2010-01
12870,2010-03
12871,2010-09
12872,2009-12
12873,2010-01
12874,2010-06
12875,2010-01
12876,2010-04
12877,2010-01
12880,2010-05
12887,2010-11
12889,2010-07
12890,2010-11
12891,2010-02
12892,2010-11
12894,2010-05
12897,2010-06
12898,2010-02
12899,2010-10
12900,2010-10
12903,2010-10
12905,2010-01
12907,2010-08
12908,2010-03
12909,2010-02
12910,2010-03
12911,2010-06
12913,2009-12
12914,2010-11
12915,2010-04
12916,2010-01
12917,2009-12
12918,2010-03
12920,2009-12
12921,2009-12
12923,2010-05
12924,2009-12
12925,2010-04
12926,2009-12
12927,2010-11
12928,2010-06
12931,2009-12
12932,2010-02
12933,2009-12
12934,2009-12
12935,2010-04
12937,2009-12
12939,2010-01
12941,2009-12
12942,2010-12
12943,2010-04
12945,2010-02
12946,2010-09
12947,2010-12
12948,2009-12
12949,2009-12
12951,2010-01
12953,2010-07
12954,2010-03
12956,2009-12
12957,2009-12
12958,2010-05
12959,2010-08
12960,2010-02
12961,2010-11
12963,2010-07
12964,2010-09
12967,2010-11
12969,2010-04
12970,2009-12
12971,2009-12
12972,2010-02
12973,2010-10
12974,2010-05
12975,2009-12
12976,2010-02
12977,2010-07
12978,2009-12
12979,2009-12
12980,2009-12
12982,2010-04
12983,2010-04
12986,2010-01
12987,2010-01
12989,2009-12
12990,2010-03
12991,2010-11
12992,2009-12
12993,2010-02
12996,2010-11
12997,2010-04
12998,2010-02
13000,2009-12
13001,2009-12
13002,2010-10
13004,2009-12
13005,2010-09
13007,2010-05
13008,2009-12
13009,2010-02
13010,2010-03
13011,2010-12
13012,2010-04
13013,2009-12
13014,2010-10
13015,2010-04
13018,2010-03
13019,2009-12
13020,2010-02
13021,2009-12
13022,2010-10
13023,2010-06
13024,2010-05
13025,2009-12
13026,2009-12
13027,2010-01
13029,2010-07
13030,2010-12
13031,2010-06
13032,2010-09
13033,2010-10
13034,2010-11
13035,2010-10
13036,2010-01
13037,2009-12
13039,2009-12
13041,2010-04
13042,2009-12
13044,2010-01
13045,2010-08
13046,2010-09
13047,2009-12
13048,2010-01
13049,2010-11
13050,2009-12
13051,2010-03
13052,2010-02
13053,2010-03
13055,2010-10
13056,2010-06
13057,2010-03
13059,2010-03
13063,2010-08
13064,2010-04
13065,2010-06
13067,2010-09
13069,2010-06
13070,2009-12
13071,2010-04
13073,2010-09
13074,2009-12
13076,2010-09
13077,2009-12
13078,2009-12
13079,2010-10
13080,2010-04
13081,2009-12
13082,2009-12
13083,2010-10
13084,2010-08
13085,2009-12
13086,2010-11
13087,2009-12
13088,2010-10
13089,2009-12
13090,2010-08
13091,2009-12
13092,2010-02
13093,2009-12
13094,2010-11
13096,2010-11
13097,2009-12
13101,2010-01
13102,2010-05
13103,2010-05
13104,2010-02
13105,2010-09
13106,2010-10
13107,2010-02
13108,2010-09
13109,2010-06
13110,2009-12
13111,2009-12
13112,2010-06
13113,2010-03
13114,2009-12
13115,2010-04
13117,2010-03
13118,2010-09
13119,2010-02
13123,2010-06
13124,2010-11
13125,2010-07
13126,2010-03
13128,2010-03
13129,2010-06
13131,2010-02
13133,2010-09
13134,2010-10
13135,2010-08
13136,2009-12
13137,2010-07
13138,2010-11
13139,2010-09
13140,2010-08
13141,2009-12
13143,2010-05
13144,2010-10
13145,2010-04
13148,2009-12
13150,2010-03
13151,2010-03
13152,2010-01
13154,2009-12
13155,2010-08
13156,2010-02
13157,2010-03
13158,2010-11
13161,2010-07
13162,2009-12
13163,2010-04
13164,2010-02
13165,2010-10
13166,2010-10
13167,2010-11
13168,2010-06
13169,2010-05
13172,2010-11
13173,2009-12
13174,2009-12
13175,2009-12
13177,2010-10
13178,2009-12
13179,2010-03
13180,2010-04
13181,2010-11
13183,2010-03
13187,2010-03
13190,2009-12
13191,2010-02
13192,2010-01
13194,2010-10
13195,2010-10
13196,2010-04
13197,2010-04
13198,2010-10
13199,2009-12
13201,2010-03
13202,2009-12
13203,2009-12
13204,2009-12
13205,2010-09
13206,2009-12
13207,2010-04
13208,2009-12
13209,2010-01
13211,2009-12
13213,2010-05
13214,2010-03
13215,2010-11
13217,2010-02
13219,2010-03
13220,2010-05
13222,2010-05
13223,2010-02
13225,2009-12
13226,2010-11
13230,2010-03
13233,2010-01
13234,2009-12
13237,2010-11
13238,2010-04
13239,2010-07
13240,2010-02
13241,2010-10
13242,2010-02
13243,2010-03
13245,2010-10
13246,2010-07
13249,2010-01
13250,2010-07
13251,2010-11
13252,2010-03
13253,2010-01
13254,2010-11
13255,2010-07
13257,2010-09
13258,2010-11
13259,2010-01
13262,2010-04
13263,2010-10
13264,2010-09
13266,2009-12
13267,2009-12
13269,2009-12
13270,2010-12
13274,2010-10
13275,2010-03
13276,2010-03
13277,2010-06
13278,2010-04
13280,2010-03
13281,2010-09
13282,2010-10
13283,2010-03
13285,2010-03
13286,2010-04
13287,2010-01
13288,2010-02
13289,2009-12
13290,2010-09
13291,2010-02
13292,2010-07
13293,2010-02
13294,2010-03
13295,2010-05
13296,2010-05
13297,2010-06
13299,2010-06
13300,2010-05
13302,2010-07
13303,2010-11
13304,2010-02
13305,2010-03
13306,2010-10
13307,2010-04
13308,2010-04
13309,2010-11
13310,2010-11
13312,2010-09
13313,2009-12
13315,2010-01
13316,2010-03
13317,2009-12
13319,2009-12
13320,2010-08
13324,2010-05
13326,2010-10
13327,2009-12
13329,2009-12
13330,2010-02
13331,2010-11
13333,2010-02
13334,2010-02
13337,2010-06
13338,2010-01
13340,2010-02
13346,2010-04
13357,2010-03
13359,2010-11
13360,2010-01
13361,2010-04
13362,2010-10
13363,2010-10
13367,2010-10
13368,2010-10
13369,2010-12
13370,2010-12
13371,2010-03
13373,2009-12
13374,2010-09
13375,2010-09
13377,2010-03
13380,2010-10
13381,2009-12
13382,2009-12
13383,2010-06
13384,2010-07
13386,2010-09
13387,2010-10
13388,2010-04
13392,2010-01
13393,2009-12
13394,2009-12
13395,2010-10
13397,2010-01
13398,2010-09
13399,2010-07
13400,2010-05
13402,2010-05
13403,2009-12
13405,2009-12
13406,2010-03
13407,2010-02
13408,2009-12
13410,2009-12
13412,2010-03
13413,2010-01
13414,2010-04
13415,2009-12
13416,2009-12
13417,2010-02
13418,2009-12
13421,2010-02
13423,2010-10
13424,2010-09
13425,2010-05
13426,2009-12
13427,2009-12
13428,2010-07
13431,2010-02
13432,2010-04
13433,2010-01
13434,2010-02
13435,2010-07
13438,2010-06
13439,2010-07
13440,2010-09
13441,2010-10
13442,2009-12
13443,2010-01
13444,2010-07
13445,2010-03
13446,2010-02
13448,2009-12
13450,2010-04
13451,2010-03
13452,2010-08
13453,2010-11
13454,2010-03
13455,2009-12
13457,2009-12
13458,2010-11
13459,2010-01
13461,2010-04
13462,2009-12
13464,2010-03
13465,2010-05
13466,2010-03
13468,2009-12
13469,2010-02
13472,2010-06
13473,2009-12
13474,2010-08
13476,2010-03
13477,2010-01
13478,2010-01
13479,2010-08
13480,2010-01
13481,2009-12
13482,2010-03
13484,2010-03
13485,2009-12
13487,2009-12
13488,2010-01
13490,2010-02
13491,2009-12
13495,2009-12
13497,2010-02
13498,2009-12
13500,2010-11
13501,2010-05
13502,2010-06
13503,2010-02
13506,2010-09
13508,2010-03
13509,2010-07
13510,2009-12
13511,2010-02
13512,2010-05
13513,2010-02
13514,2010-01
13515,2010-03
13516,2010-10
13519,2010-09
13520,2009-12
13523,2010-11
13526,2009-12
13527,2010-01
13530,2010-03
13531,2009-12
13534,2010-07
13535,2010-11
13537,2010-09
13538,2010-02
13539,2010-04
13540,2010-02
13541,2010-05
13542,2009-12
13543,2010-01
13544,2010-03
13545,2010-06
13546,2010-10
13547,2010-10
13548,2010-08
13549,2010-11
13550,2010-11
13551,2010-02
13552,2010-02
13553,2010-02
13554,2010-09
13555,2010-01
13556,2010-09
13557,2009-12
13559,2010-06
13561,2010-02
13562,2010-01
13564,2009-12
13565,2010-10
13566,2010-03
13567,2010-06
13569,2010-10
13571,2009-12
13573,2010-03
13574,2010-10
13576,2009-12
13577,2009-12
13578,2010-10
13579,2010-02
13580,2010-10
13581,2010-10
13582,2010-04
13583,2010-01
13584,2010-02
13585,2009-12
13586,2010-06
13587,2010-02
13589,2009-12
13590,2009-12
13591,2009-12
13593,2010-03
13594,2010-08
13595,2010-03
13597,2010-11
13598,2010-02
13599,2009-12
13600,2010-03
13601,2010-06
13602,2010-05
13604,2010-02
13605,2010-05
13607,2010-11
13608,2010-06
13609,2010-04
13610,2010-01
13611,2009-12
13612,2010-03
13613,2010-02
13614,2010-06
13615,2010-01
13616,2010-01
13617,2010-08
13619,2010-02
13620,2010-06
13622,2010-01
13623,2009-12
13624,2010-11
13625,2010-04
13626,2010-11
13627,2010-03
13628,2010-02
13629,2010-02
13632,2010-04
13634,2010-01
13635,2009-12
13639,2010-09
13640,2010-04
13641,2009-12
13642,2010-10
13643,2009-12
13646,2010-11
13647,2010-04
13648,2009-12
13649,2010-06
13650,2010-01
13651,2010-11
13652,2010-02
13653,2010-08
13654,2009-12
13655,2010-04
13656,2010-04
13658,2010-02
13659,2010-02
13660,2010-11
13661,2010-04
13662,2010-02
13663,2010-03
13665,2010-07
13666,2009-12
13668,2009-12
13669,2010-10
13671,2010-11
13672,2009-12
13674,2010-10
13676,2010-03
13677,2010-07
13679,2009-12
13680,2009-12
13683,2010-09
13684,2010-03
13686,2010-11
13687,2010-09
13688,2010-03
13689,2010-09
13691,2010-11
13692,2010-10
13693,2009-12
13694,2009-12
13695,2010-05
13696,2010-02
13698,2010-01
13699,2010-06
13700,2010-02
13701,2010-09
13702,2010-09
13703,2010-10
13705,2010-03
13706,2010-03
13707,2010-06
13709,2010-01
13710,2010-04
13711,2009-12
13712,2010-04
13713,2010-05
13714,2010-08
13715,2010-03
13717,2010-08
13719,2010-05
13721,2010-11
13722,2010-03
13723,2010-04
13724,2010-03
13727,2009-12
13728,2009-12
13729,2010-01
13733,2009-12
13734,2010-04
13735,2009-12
13736,2009-12
13738,2010-11
13739,2010-06
13740,2009-12
13745,2010-06
13746,2010-10
13747,2010-10
13748,2009-12
13750,2010-04
13752,2010-06
13753,2009-12
13754,2010-09
13756,2009-12
13757,2010-02
13758,2009-12
13760,2010-04
13761,2010-02
13762,2010-01
13763,2010-09
13764,2010-03
13765,2010-02
13766,2010-08
13767,2009-12
13768,2009-12
13769,2009-12
13770,2009-12
13771,2010-02
13772,2010-02
13773,2010-02
13775,2010-04
13776,2010-10
13777,2009-12
13778,2010-05
13779,2010-07
13780,2010-10
13781,2009-12
13782,2009-12
13783,2010-02
13784,2010-09
13785,2010-09
13786,2009-12
13787,2010-01
13788,2010-07
13789,2010-11
13792,2010-10
13793,2010-03
13794,2010-06
13795,2010-03
13796,2010-07
13797,2010-03
13798,2009-12
13799,2010-03
13800,2009-12
13802,2010-02
13803,2010-03
13804,2010-09
13807,2009-12
13809,2010-09
13813,2009-12
13814,2010-06
13815,2010-02
13818,2010-10
13819,2009-12
13820,2010-01
13821,2010-01
13823,2009-12
13824,2010-03
13825,2009-12
13829,2010-10
13830,2010-05
13831,2009-12
13832,2010-10
13833,2010-10
13834,2010-02
13835,2010-03
13836,2010-10
13838,2010-05
13839,2010-08
13840,2010-10
13842,2010-02
13843,2010-11
13846,2010-11
13847,2009-12
13848,2009-12
13849,2010-03
13851,2010-01
13852,2010-04
13854,2010-01
13855,2009-12
13856,2010-03
13857,2010-05
13859,2010-06
13861,2010-06
13862,2010-11
13863,2010-04
13864,2010-11
13869,2010-01
13870,2010-02
13871,2009-12
13872,2009-12
13873,2010-03
13874,2010-02
13875,2009-12
13877,2010-01
13878,2010-04
13879,2010-03
13880,2010-05
13881,2010-03
13883,2009-12
13884,2010-08
13888,2010-05
13889,2010-01
13890,2009-12
13891,2010-05
13892,2010-05
13895,2009-12
13896,2010-03
13897,2010-01
13898,2010-10
13900,2010-03
13901,2010-01
13902,2009-12
13903,2010-11
13905,2009-12
13906,2010-10
13907,2010-01
13909,2010-07
13911,2010-03
13912,2010-10
13913,2010-07
13915,2010-11
13916,2010-02
13919,2010-06
13920,2010-05
13921,2009-12
13922,2010-08
13927,2010-09
13929,2010-01
13931,2009-12
13935,2010-02
13936,2010-10
13937,2010-11
13939,2010-04
13941,2009-12
13942,2010-06
13943,2010-05
13944,2010-02
13945,2010-08
13946,2009-12
13948,2009-12
13952,2009-12
13953,2009-12
13955,2010-11
13957,2010-02
13958,2009-12
13959,2010-07
13961,2010-11
13962,2010-09
13963,2010-04
13964,2010-10
13965,2010-01
13966,2010-09
13967,2010-11
13968,2010-10
13969,2010-03
13970,2010-09
13971,2010-01
13974,2010-05
13975,2010-02
13976,2010-02
13977,2010-10
13979,2009-12
13980,2010-02
13981,2010-10
13982,2010-01
13983,2009-12
13984,2009-12
13985,2010-02
13987,2010-11
13988,2010-03
13989,2010-05
13992,2010-09
13993,2009-12
13995,2009-12
13996,2010-11
13997,2010-06
13998,2010-05
13999,2009-12
14000,2009-12
14001,2010-08
14003,2009-12
14004,2010-09
14006,2010-02
14007,2010-07
14008,2010-10
14009,2010-09
14010,2010-05
14011,2010-04
14013,2010-03
14014,2010-05
14016,2010-01
14017,2010-05
14018,2010-03
14020,2010-06
14021,2010-04
14022,2010-08
14024,2010-11
14025,2010-05
14026,2010-03
14028,2010-06
14030,2009-12
14031,2009-12
14032,2009-12
14033,2010-06
14035,2010-04
14037,2009-12
14038,2010-02
14039,2010-05
14040,2009-12
14042,2009-12
14043,2009-12
14044,2010-01
14045,2010-01
14047,2010-02
14048,2010-11
14049,2010-04
14051,2009-12
14052,2010-11
14053,2010-08
14055,2009-12
14057,2009-12
14058,2010-06
14060,2010-03
14061,2009-12
14062,2009-12
14063,2009-12
14064,2010-01
14065,2010-10
14068,2010-01
14069,2010-05
14070,2010-01
14072,2010-02
14074,2010-03
14075,2010-06
14077,2010-11
14078,2010-03
14079,2010-01
14080,2009-12
14081,2009-12
14082,2010-11
14083,2009-12
14084,2010-07
14085,2009-12
14086,2010-09
14087,2009-12
14088,2010-10
14091,2010-01
14092,2009-12
14094,2010-09
14095,2009-12
14097,2010-03
14099,2009-12
14101,2010-03
14104,2010-05
14105,2009-12
14106,2009-12
14107,2009-12
14108,2009-12
14110,2009-12
14112,2010-02
14113,2009-12
14114,2010-04
14115,2010-02
14118,2010-10
14119,2009-12
14122,2009-12
14123,2009-12
14126,2010-09
14127,2010-10
14128,2010-06
14129,2010-05
14130,2009-12
14131,2010-03
14133,2009-12
14134,2009-12
14135,2009-12
14136,2009-12
14137,2010-01
14139,2010-06
14142,2010-03
14144,2010-08
14145,2010-04
14146,2010-01
14147,2010-03
14148,2010-10
14151,2009-12
14152,2010-02
14153,2010-08
14154,2010-01
14156,2009-12
14157,2010-03
14159,2009-12
14160,2010-01
14161,2009-12
14163,2010-09
14166,2010-03
14167,2010-01
14168,2010-05
14169,2010-09
14170,2010-11
14171,2009-12
14172,2010-03
14173,2009-12
14175,2010-03
14176,2010-11
14177,2010-02
14180,2010-06
14181,2010-05
14182,2010-04
14183,2010-08
14186,2010-03
14187,2010-08
14189,2010-11
14190,2010-02
14191,2009-12
14192,2010-11
14193,2010-11
14194,2010-01
14195,2010-03
14197,2010-10
14198,2010-01
14199,2010-06
14200,2010-04
14201,2010-04
14202,2010-03
14203,2010-11
14204,2009-12
14205,2010-03
14206,2010-11
14207,2010-01
14208,2010-06
14209,2010-01
14210,2010-01
14211,2009-12
14212,2010-09
14213,2010-10
14215,2009-12
14216,2010-10
14217,2010-06
14219,2010-08
14220,2010-05
14221,2010-04
14224,2010-06
14225,2010-01
14226,2010-09
14227,2010-02
14228,2010-06
14229,2010-08
14230,2010-06
14231,2010-09
14233,2010-03
14235,2010-03
14236,2010-07
14237,2010-04
14238,2009-12
14239,2009-12
14240,2010-10
14241,2010-01
14243,2010-08
14244,2010-02
14247,2010-06
14248,2010-07
14249,2010-01
14252,2010-11
14253,2010-03
14254,2010-10
14255,2010-06
14256,2010-01
14257,2010-03
14258,2009-12
14260,2010-06
14263,2010-10
14264,2010-04
14265,2010-04
14266,2010-10
14268,2010-08
14269,2010-09
14271,2010-10
14272,2010-05
14274,2010-01
14275,2010-04
14276,2010-02
14277,2009-12
14278,2010-10
14279,2010-01
14281,2010-10
14282,2010-02
14283,2010-05
14284,2010-02
14285,2009-12
14286,2009-12
14290,2009-12
14291,2009-12
14292,2010-03
14293,2009-12
14294,2010-10
14295,2009-12
14296,2010-05
14298,2009-12
14299,2009-12
14301,2010-02
14302,2009-12
14303,2010-10
14304,2010-05
14306,2010-01
14307,2009-12
14308,2010-06
14309,2010-06
14310,2010-10
14311,2010-05
14312,2010-07
14314,2010-10
14315,2010-03
14316,2010-03
14318,2010-09
14319,2010-10
14320,2010-01
14321,2010-08
14322,2010-02
14324,2010-01
14325,2010-05
14326,2010-06
14327,2010-01
14328,2010-09
14329,2009-12
14330,2010-03
14332,2010-10
14334,2010-05
14338,2010-06
14339,2010-10
14341,2009-12
14342,2010-08
14343,2010-01
14344,2010-03
14346,2010-07
14347,2009-12
14350,2010-10
14353,2010-10
14355,2010-03
14358,2010-10
14361,2010-05
14363,2010-09
14365,2010-01
14366,2010-07
14369,2010-02
14370,2010-02
14372,2010-04
14374,2010-06
14375,2010-06
14376,2010-01
14378,2010-03
14379,2010-08
14380,2010-01
14381,2010-09
14382,2010-11
14384,2010-07
14388,2010-01
14389,2010-04
14390,2010-10
14391,2010-05
14392,2010-10
14394,2010-05
14395,2010-04
14396,2009-12
14398,2010-06
14399,2010-02
14400,2010-03
14401,2009-12
14402,2010-02
14403,2010-03
14404,2009-12
14405,2010-11
14408,2009-12
14409,2010-05
14410,2010-09
14412,2010-10
14413,2010-01
14414,2010-11
14415,2009-12
14417,2010-11
14419,2010-11
14420,2010-01
14421,2010-01
14422,2009-12
14423,2010-01
14425,2009-12
14426,2010-03
14427,2010-03
14429,2010-11
14430,2010-04
14431,2010-01
14433,2010-08
14435,2010-07
14436,2010-06
14437,2010-05
14439,2010-01
14440,2009-12
14441,2010-01
14442,2010-01
14443,2010-11
14444,2010-09
14445,2010-09
14446,2010-11
14447,2010-11
14449,2010-09
14450,2010-04
14451,2010-01
14452,2010-07
14454,2009-12
14455,2010-08
14458,2010-11
14459,2010-02
14460,2009-12
14461,2010-01
14462,2010-10
14463,2010-07
14464,2010-03
14465,2010-01
14466,2009-12
14467,2009-12
14468,2009-12
14469,2010-01
14470,2010-10
14471,2009-12
14472,2010-01
14474,2010-05
14475,2010-10
14477,2010-01
14478,2009-12
14479,2009-12
14480,2009-12
14481,2010-01
14482,2010-08
14483,2009-12
14484,2009-12
14486,2010-06
14487,2010-11
14489,2010-04
14490,2010-10
14491,2010-12
14492,2010-03
14493,2010-03
14494,2009-12
14495,2010-02
14496,2010-03
14497,2010-02
14498,2010-06
14499,2010-08
14505,2009-12
14506,2010-04
14507,2009-12
14508,2010-06
14509,2010-06
14510,2010-09
14512,2009-12
14513,2010-05
14514,2009-12
14515,2010-06
14516,2010-07
14519,2009-12
14521,2010-08
14522,2010-01
14524,2010-10
14525,2009-12
14526,2010-11
14527,2009-12
14530,2010-01
14531,2010-08
14532,2010-01
14533,2010-04
14534,2010-03
14535,2010-02
14537,2010-03
14538,2010-01
14540,2009-12
14541,2010-01
14543,2009-12
14544,2010-08
14545,2010-02
14546,2009-12
14548,2009-12
14549,2009-12
14550,2010-08
14551,2010-01
14552,2010-04
14553,2010-07
14555,2009-12
14556,2010-01
14558,2009-12
14559,2010-11
14560,2009-12
14562,2010-02
14563,2010-04
14564,2009-12
14565,2010-08
14566,2010-06
14568,2010-09
14569,2010-04
14570,2010-09
14571,2010-10
14572,2010-03
14573,2010-01
14574,2009-12
14575,2010-08
14576,2010-12
14577,2009-12
14579,2010-10
14580,2010-07
14581,2010-06
14583,2010-03
14584,2010-02
14585,2010-10
14588,2010-05
14589,2010-12
14590,2009-12
14593,2009-12
14594,2010-12
14595,2010-01
14596,2010-03
14597,2010-09
14598,2010-05
14599,2010-07
14600,2010-11
14602,2010-02
14604,2010-03
14605,2009-12
14606,2009-12
14607,2009-12
14608,2009-12
14609,2010-02
14610,2010-07
14611,2010-04
14612,2010-10
14613,2010-01
14614,2010-11
14615,2010-06
14616,2010-06
14617,2010-10
14618,2010-06
14619,2010-06
14621,2010-01
14623,2010-04
14624,2010-04
14625,2009-12
14626,2009-12
14627,2010-11
14628,2010-01
14630,2010-08
14631,2010-08
14634,2010-06
14635,2010-09
14637,2010-01
14639,2010-02
14640,2010-01
14643,2009-12
14644,2009-12
14645,2010-03
14646,2009-12
14647,2010-07
14648,2009-12
14649,2010-01
14650,2010-04
14651,2010-03
14653,2009-12
14654,2009-12
14655,2010-04
14656,2010-04
14657,2010-09
14662,2009-12
14663,2010-10
14665,2010-04
14667,2009-12
14668,2010-09
14669,2009-12
14670,2009-12
14671,2010-05
14672,2010-01
14673,2010-10
14674,2010-07
14675,2010-11
14676,2010-03
14677,2010-04
14678,2010-05
14679,2009-12
14680,2009-12
14681,2010-02
14682,2010-02
14683,2010-04
14684,2010-11
14685,2009-12
14686,2010-02
14687,2010-06
14688,2010-09
14690,2010-10
14692,2010-04
14693,2010-07
14694,2010-04
14695,2009-12
14696,2010-10
14699,2010-07
14700,2010-08
14701,2010-01
14702,2009-12
14704,2010-03
14706,2010-03
14707,2010-05
14708,2010-09
14709,2009-12
14710,2009-12
14712,2010-10
14713,2009-12
14714,2010-01
14715,2010-01
14716,2010-09
14717,2009-12
14718,2010-10
14721,2010-11
14722,2010-08
14723,2009-12
14724,2010-04
14725,2010-06
14726,2010-02
14727,2010-06
14728,2010-10
14729,2010-03
14732,2009-12
14733,2010-11
14734,2010-06
14735,2009-12
14736,2010-08
14737,2010-11
14738,2009-12
14739,2009-12
14740,2010-02
14741,2010-10
14742,2010-09
14743,2010-04
14744,2010-05
14745,2010-03
14746,2010-10
14748,2010-03
14749,2010-08
14750,2009-12
14751,2009-12
14753,2010-09
14754,2010-01
14755,2009-12
14756,2010-10
14758,2010-04
14761,2010-09
14762,2010-03
14766,2010-06
14767,2010-08
14769,2009-12
14770,2010-02
14771,2009-12
14773,2010-04
14774,2010-06
14775,2010-12
14776,2010-09
14777,2010-11
14783,2010-02
14784,2010-11
14786,2010-06
14787,2010-08
14788,2010-04
14790,2009-12
14791,2010-04
14793,2010-06
14794,2010-08
14796,2009-12
14797,2010-07
14798,2010-03
14799,2009-12
14800,2010-09
14802,2010-09
14805,2010-03
14806,2010-09
14807,2010-02
14809,2010-03
14810,2010-10
14811,2010-11
14812,2010-04
14813,2010-04
14814,2010-05
14817,2010-03
14818,2010-03
14819,2009-12
14820,2010-01
14821,2010-02
14822,2010-08
14824,2010-03
14825,2010-04
14826,2010-01
14828,2009-12
14829,2010-09
14831,2009-12
14832,2010-03
14833,2010-07
14834,2010-10
14835,2010-04
14837,2010-01
14838,2009-12
14839,2010-01
14840,2010-06
14841,2009-12
14843,2010-09
14844,2010-04
14845,2010-04
14846,2010-10
14847,2010-05
14848,2010-10
14849,2010-01
14850,2010-05
14851,2010-03
14852,2010-03
14853,2010-04
14854,2010-01
14855,2010-04
14857,2010-03
14858,2010-07
14859,2010-06
14861,2009-12
14865,2009-12
14866,2010-08
14867,2009-12
14868,2010-10
14869,2009-12
14870,2010-01
14871,2009-12
14872,2010-03
14873,2010-03
14874,2010-06
14875,2010-09
14876,2010-05
14877,2010-03
14878,2010-02
14879,2010-01
14882,2010-03
14884,2010-02
14885,2010-08
14890,2010-02
14891,2010-09
14892,2010-01
14893,2010-04
14894,2009-12
14895,2009-12
14896,2009-12
14897,2009-12
14898,2009-12
14899,2010-11
14900,2010-07
14901,2010-07
14902,2010-06
14904,2010-10
14905,2009-12
14906,2010-09
14907,2010-04
14908,2010-09
14909,2010-02
14911,2009-12
14912,2010-01
14913,2010-08
14915,2009-12
14916,2010-04
14917,2010-04
14918,2010-04
14919,2010-06
14920,2010-05
14922,2010-07
14924,2010-03
14926,2010-04
14927,2010-11
14928,2010-03
14929,2010-10
14930,2010-04
14932,2010-11
14933,2010-09
14934,2010-09
14935,2010-03
14936,2010-05
14938,2010-05
14940,2009-12
14941,2010-05
14942,2009-12
14943,2010-02
14944,2010-02
14945,2010-10
14947,2010-03
14949,2009-12
14952,2009-12
14953,2010-09
14954,2010-01
14955,2009-12
14956,2010-10
14957,2010-03
14958,2009-12
14961,2009-12
14962,2010-05
14963,2010-07
14966,2009-12
14967,2009-12
14968,2010-09
14969,2010-01
14970,2010-02
14972,2010-11
14975,2010-10
14977,2009-12
14978,2010-04
14979,2009-12
14980,2009-12
14981,2010-10
14982,2010-05
14983,2010-01
14984,2010-01
14986,2010-01
14987,2009-12
14988,2010-04
14989,2010-02
14990,2009-12
14991,2010-10
14992,2010-09
14993,2010-05
14994,2010-03
14996,2010-08
14997,2010-02
14998,2010-04
14999,2010-04
15001,2010-11
15002,2010-01
15003,2010-01
15005,2009-12
15006,2010-09
15008,2010-03
15011,2010-10
15012,2010-05
15013,2010-01
15015,2009-12
15016,2010-06
15018,2010-12
15020,2010-11
15021,2010-07
15022,2010-01
15023,2010-02
15024,2010-10
15025,2010-05
15026,2010-09
15027,2010-03
15028,2010-11
15029,2010-03
15030,2010-03
15031,2009-12
15032,2009-12
15034,2010-05
15037,2010-11
15038,2010-10
15039,2009-12
15040,2010-06
15041,2010-09
15042,2010-04
15043,2010-06
15044,2009-12
15046,2010-01
15048,2010-12
15050,2010-08
15051,2009-12
15055,2009-12
15056,2010-07
15057,2009-12
15058,2010-02
15059,2009-12
15061,2009-12
15062,2010-04
15064,2009-12
15065,2010-10
15067,2010-04
15068,2010-03
15070,2009-12
15071,2010-05
15072,2010-08
15073,2010-01
15074,2010-08
15076,2010-07
15077,2009-12
15078,2009-12
15079,2009-12
15080,2010-07
15081,2010-06
15082,2010-02
15084,2010-03
15085,2009-12
15086,2010-03
15091,2010-02
15092,2010-09
15093,2009-12
15094,2010-03
15095,2010-01
15097,2010-05
15100,2010-01
15101,2010-04
15102,2010-06
15105,2010-03
15107,2010-09
15109,2009-12
15110,2010-08
15111,2010-04
15112,2010-04
15114,2010-10
15115,2009-12
15117,2010-03
15122,2010-03
15123,2010-03
15124,2010-02
15125,2010-03
15126,2010-01
15127,2010-07
15128,2010-10
15129,2010-04
15131,2010-11
15133,2010-07
15134,2010-10
15135,2010-06
15137,2010-01
15138,2010-11
15140,2010-09
15141,2010-03
15142,2010-07
15143,2010-10
15144,2009-12
15149,2010-02
15150,2010-06
15151,2010-07
15152,2010-01
15154,2010-08
15155,2010-11
15157,2009-12
15158,2010-11
15159,2010-10
15160,2010-10
15161,2010-11
15162,2009-12
15164,2010-01
15165,2010-12
15166,2010-08
15167,2010-02
15169,2009-12
15170,2010-10
15173,2010-04
15174,2010-10
15176,2010-02
15177,2010-10
15179,2009-12
15180,2010-04
15181,2009-12
15182,2010-02
15183,2010-05
15184,2009-12
15186,2010-01
15188,2009-12
15189,2010-07
15190,2010-10
15191,2010-01
15192,2010-01
15194,2009-12
15196,2009-12
15197,2009-12
15198,2010-01
15199,2010-05
15200,2010-08
15201,2010-04
15202,2010-10
15203,2009-12
15207,2010-06
15208,2010-10
15209,2009-12
15210,2010-05
15211,2010-12
15212,2010-11
15215,2010-04
15216,2010-03
15217,2010-05
15218,2010-01
15219,2010-03
15221,2010-03
15222,2009-12
15223,2009-12
15224,2010-01
15227,2010-03
15228,2010-07
15229,2010-05
15231,2010-03
15233,2010-11
15235,2010-11
15240,2009-12
15241,2010-02
15242,2010-10
15243,2010-09
15244,2010-02
15245,2010-04
15246,2010-06
15247,2010-06
15248,2010-06
15249,2010-03
15250,2010-03
15251,2010-01
15252,2010-04
15253,2010-05
15254,2010-05
15255,2009-12
15256,2010-05
15257,2010-10
15259,2010-01
15260,2009-12
15261,2010-10
15262,2010-08
15264,2010-06
15265,2009-12
15266,2010-01
15268,2010-04
15269,2010-11
15270,2009-12
15271,2010-08
15272,2010-02
15273,2010-04
15276,2010-10
15277,2010-10
15278,2010-02
15279,2010-02
15280,2010-05
15281,2010-10
15282,2010-05
15283,2010-07
15284,2010-07
15285,2010-10
15287,2009-12
15288,2010-02
15289,2010-03
15290,2010-02
15291,2009-12
15293,2010-02
15294,2010-10
15295,2010-02
15296,2010-01
15298,2009-12
15299,2010-01
15301,2010-09
15302,2009-12
15303,2010-01
15304,2010-10
15305,2010-06
15306,2010-02
15309,2009-12
15310,2010-08
15311,2009-12
15312,2009-12
15314,2010-10
15317,2010-01
15321,2010-02
15322,2010-08
15323,2010-02
15324,2010-01
15325,2010-02
15326,2009-12
15328,2010-10
15329,2009-12
15331,2010-04
15332,2010-07
15336,2010-11
15337,2010-10
15338,2010-01
15339,2010-02
15340,2010-05
15341,2010-09
15346,2010-10
15347,2010-09
15350,2010-11
15351,2010-10
15352,2010-06
15353,2009-12
15354,2010-04
15356,2010-10
15358,2009-12
15359,2010-01
15361,2010-06
15362,2009-12
15363,2010-08
15365,2010-02
15366,2010-02
15367,2009-12
15368,2010-11
15369,2009-12
15370,2010-10
15371,2010-02
15372,2010-02
15373,2010-05
15374,2010-03
15375,2010-01
15377,2010-10
15378,2010-07
15379,2010-11
15380,2009-12
15381,2010-05
15382,2009-12
15384,2010-04
15385,2010-01
15387,2010-08
15389,2010-01
15390,2010-10
15391,2010-05
15392,2010-10
15393,2009-12
15394,2009-12
15396,2010-05
15400,2010-05
15401,2010-05
15402,2010-04
15403,2009-12
15404,2010-11
15405,2010-05
15406,2010-09
15409,2009-12
15410,2010-04
15413,2009-12
15416,2010-02
15418,2010-05
15420,2009-12
15421,2009-12
15422,2010-02
15423,2010-03
15424,2010-09
15425,2010-02
15426,2010-05
15428,2009-12
15430,2010-06
15431,2010-07
15432,2010-06
15434,2010-01
15437,2010-03
15439,2010-02
15441,2009-12
15443,2010-03
15445,2010-04
15446,2009-12
15447,2010-03
15448,2010-02
15451,2010-04
15452,2010-07
15454,2010-03
15455,2010-04
15456,2009-12
15458,2010-11
15459,2010-07
15461,2010-03
15462,2010-09
15465,2009-12
15466,2009-12
15468,2010-11
15469,2010-09
15470,2010-05
15471,2010-06
15473,2010-09
15474,2010-04
15476,2010-09
15477,2010-02
15478,2010-05
15479,2009-12
15480,2010-02
15481,2010-11
15482,2009-12
15483,2010-01
15484,2009-12
15485,2009-12
15486,2010-06
15487,2010-01
15488,2010-05
15489,2010-01
15490,2010-10
15493,2010-02
15494,2009-12
15495,2010-11
15496,2010-03
15497,2009-12
15498,2009-12
15499,2009-12
15501,2010-10
15502,2010-06
15503,2009-12
15504,2010-02
15506,2010-08
15509,2010-11
15512,2010-02
15513,2010-01
15514,2009-12
15515,2010-11
15518,2009-12
15519,2010-09
15521,2010-01
15523,2009-12
15524,2010-04
15525,2010-11
15527,2009-12
15529,2010-11
15530,2010-07
15532,2010-06
15534,2009-12
15535,2010-09
15536,2010-10
15538,2010-02
15540,2010-11
15542,2009-12
15543,2010-09
15544,2010-01
15545,2010-12
15546,2010-04
15547,2009-12
15548,2010-04
15549,2010-01
15550,2009-12
15551,2010-06
15552,2010-03
15555,2009-12
15558,2010-03
15559,2010-05
15560,2010-11
15561,2010-02
15562,2009-12
15563,2010-01
15564,2010-02
15566,2009-12
15569,2010-02
15570,2010-03
15571,2009-12
15572,2010-04
15573,2009-12
15574,2010-09
15575,2010-03
15577,2009-12
15579,2010-10
15580,2010-02
15581,2009-12
15583,2010-11
15584,2010-02
15586,2010-01
15587,2010-08
15588,2010-01
15590,2010-04
15591,2010-02
15595,2010-08
15596,2010-07
15597,2010-05
15598,2010-10
15599,2010-09
15600,2010-04
15601,2009-12
15602,2009-12
15603,2010-03
15605,2010-01
15606,2010-03
15607,2010-01
15608,2010-10
15611,2010-01
15613,2010-04
15614,2010-03
15615,2009-12
15616,2010-09
15617,2010-07
15620,2010-10
15622,2010-03
15623,2009-12
15625,2010-06
15626,2010-10
15627,2010-07
15628,2009-12
15629,2010-06
15630,2010-03
15631,2010-03
15633,2009-12
15634,2010-11
15635,2010-11
15636,2010-05
15637,2009-12
15638,2010-04
15639,2010-04
15640,2009-12
15641,2009-12
15642,2009-12
15645,2010-10
15646,2010-10
15647,2010-10
15649,2010-11
15650,2010-03
15651,2010-04
15652,2010-08
15658,2009-12
15659,2010-02
15660,2010-02
15661,2010-05
15662,2009-12
15664,2010-02
15665,2010-03
15666,2010-08
15670,2010-06
15672,2009-12
15673,2010-02
15674,2009-12
15675,2010-10
15677,2010-09
15678,2010-07
15680,2009-12
15681,2010-05
15682,2010-01
15683,2010-08
15684,2009-12
15685,2010-09
15686,2010-10
15688,2010-10
15689,2010-04
15691,2009-12
15693,2010-02
15694,2009-12
15695,2010-01
15696,2010-01
15697,2010-01
15698,2010-03
15702,2010-01
15704,2010-05
15708,2010-10
15709,2010-04
15710,2010-10
15711,2010-01
15712,2009-12
15713,2009-12
15714,2010-06
15715,2010-03
15716,2009-12
15717,2010-04
15718,2010-06
15719,2009-12
15720,2010-06
15722,2010-03
15723,2010-05
15724,2010-11
15726,2010-11
15727,2010-01
15728,2010-09
15729,2010-11
15730,2010-10
15731,2010-06
15732,2010-02
15734,2010-06
15735,2010-10
15736,2010-09
15738,2009-12
15741,2010-03
15742,2010-03
15747,2010-01
15748,2010-09
15750,2009-12
15751,2009-12
15752,2010-09
15754,2010-02
15755,2009-12
15757,2010-06
15759,2009-12
15760,2010-03
15761,2010-09
15764,2010-08
15765,2010-02
15766,2010-01
15768,2009-12
15769,2009-12
15770,2010-04
15771,2010-01
15772,2010-10
15773,2010-10
15774,2010-02
15775,2010-03
15777,2010-05
15778,2010-10
15779,2010-06
15782,2010-10
15784,2010-02
15785,2009-12
15786,2010-06
15788,2010-07
15789,2010-03
15791,2010-03
15792,2010-03
15793,2009-12
15794,2009-12
15795,2010-01
15796,2010-03
15797,2010-01
15798,2010-01
15799,2010-10
15800,2010-03
15803,2010-02
15805,2009-12
15807,2010-02
15808,2009-12
15809,2010-06
15810,2010-02
15811,2010-11
15812,2009-12
15814,2010-04
15816,2010-06
15817,2010-06
15818,2010-04
15819,2010-03
15822,2009-12
15823,2009-12
15824,2010-06
15826,2010-05
15827,2010-01
15828,2010-11
15833,2009-12
15834,2010-10
15837,2010-08
15838,2009-12
15841,2009-12
15842,2010-06
15845,2010-01
15846,2010-11
15847,2010-03
15848,2010-03
15850,2009-12
15851,2010-07
15852,2010-07
15854,2009-12
15855,2010-08
15856,2009-12
15857,2010-10
15858,2009-12
15859,2010-10
15860,2009-12
15861,2010-01
15862,2009-12
15863,2009-12
15864,2010-11
15865,2010-01
15867,2009-12
15868,2010-05
15869,2010-03
15870,2010-09
15871,2010-09
15872,2010-06
15873,2010-07
15874,2010-01
15875,2010-03
15876,2010-09
15878,2009-12
15879,2009-12
15880,2010-12
15882,2009-12
15884,2009-12
15885,2010-01
15886,2010-04
15887,2010-06
15888,2010-07
15889,2009-12
15890,2010-04
15892,2010-02
15893,2010-08
15894,2010-12
15898,2009-12
15899,2010-12
15900,2010-05
15901,2010-06
15902,2010-11
15903,2010-01
15905,2010-06
15906,2010-09
15908,2010-07
15910,2010-01
15911,2009-12
15912,2009-12
15913,2010-06
15914,2010-11
15915,2010-11
15916,2009-12
15917,2009-12
15918,2010-03
15919,2010-12
15920,2009-12
15921,2010-03
15922,2010-12
15923,2010-12
15924,2009-12
15926,2010-06
15927,2010-03
15928,2010-02
15929,2010-03
15931,2010-10
15934,2010-10
15936,2010-08
15938,2010-06
15939,2010-11
15941,2010-03
15943,2010-01
15944,2009-12
15945,2009-12
15946,2010-03
15948,2010-10
15950,2010-01
15951,2010-11
15953,2009-12
15954,2010-04
15955,2010-02
15956,2009-12
15957,2010-10
15958,2010-06
15959,2010-01
15960,2010-09
15961,2010-11
15962,2010-09
15964,2010-02
15965,2009-12
15966,2010-09
15967,2009-12
15968,2010-11
15969,2010-07
15970,2010-04
15971,2009-12
15972,2010-04
15973,2010-10
15976,2010-06
15978,2010-03
15979,2010-04
15980,2010-06
15981,2010-03
15982,2010-04
15983,2009-12
15984,2009-12
15985,2010-05
15986,2010-11
15987,2010-11
15988,2010-02
15989,2009-12
15990,2010-02
15991,2010-06
15992,2010-09
15994,2010-03
15995,2010-10
15996,2010-11
15998,2009-12
15999,2009-12
16001,2010-11
16002,2010-03
16003,2009-12
16004,2010-01
16005,2010-09
16006,2010-11
16007,2010-06
16008,2010-03
16010,2010-10
16011,2009-12
16012,2010-06
16013,2009-12
16014,2010-01
16016,2010-11
16017,2010-01
16018,2009-12
16019,2009-12
16021,2010-06
16024,2010-10
16027,2010-01
16028,2010-04
16029,2009-12
16032,2010-07
16033,2010-08
16034,2010-10
16035,2010-05
16036,2010-03
16037,2010-03
16039,2010-03
16040,2010-04
16042,2010-09
16043,2010-08
16044,2010-09
16045,2010-07
16046,2010-05
16047,2010-01
16048,2010-06
16049,2010-07
16050,2010-11
16051,2010-01
16053,2010-04
16054,2010-04
16057,2010-01
16058,2010-10
16059,2010-05
16060,2010-08
16061,2010-10
16062,2010-06
16064,2009-12
16065,2010-09
16067,2010-02
16068,2010-04
16069,2010-10
16071,2010-02
16072,2010-06
16074,2010-11
16075,2010-05
16077,2010-03
16078,2010-02
16080,2010-09
16081,2010-02
16082,2010-02
16083,2010-11
16085,2010-01
16086,2009-12
16087,2010-01
16088,2010-04
16089,2010-07
16090,2010-03
16092,2010-05
16094,2010-04
16095,2010-09
16096,2010-03
16098,2009-12
16099,2010-03
16100,2010-09
16101,2010-05
16103,2010-01
16104,2009-12
16105,2010-04
16108,2010-03
16109,2010-01
16110,2010-07
16111,2010-10
16115,2010-05
16117,2010-04
16118,2010-02
16119,2009-12
16120,2010-10
16121,2010-05
16122,2010-10
16124,2009-12
16125,2009-12
16126,2009-12
16127,2009-12
16128,2010-07
16129,2010-07
16130,2010-04
16131,2009-12
16132,2010-03
16133,2010-03
16134,2010-06
16135,2010-05
16136,2010-02
16137,2010-01
16138,2010-04
16139,2009-12
16140,2010-09
16141,2010-10
16143,2009-12
16145,2010-05
16146,2010-09
16147,2010-02
16148,2010-09
16149,2010-10
16150,2009-12
16153,2010-05
16155,2010-06
16156,2009-12
16158,2009-12
16159,2009-12
16161,2010-02
16163,2009-12
16165,2010-07
16166,2010-01
16167,2009-12
16168,2009-12
16170,2010-02
16172,2010-07
16174,2010-04
16175,2010-05
16176,2010-03
16177,2010-03
16178,2010-11
16180,2010-06
16182,2010-03
16183,2010-10
16185,2010-05
16186,2009-12
16188,2010-10
16190,2009-12
16191,2009-12
16192,2009-12
16193,2010-10
16194,2010-11
16195,2009-12
16196,2010-08
16197,2009-12
16198,2010-09
16199,2010-03
16200,2009-12
16201,2010-10
16202,2009-12
16203,2010-07
16204,2009-12
16205,2010-06
16206,2010-01
16208,2010-02
16209,2010-06
16210,2009-12
16211,2010-09
16212,2010-02
16214,2010-09
16218,2010-05
16219,2010-07
16221,2010-08
16222,2009-12
16223,2010-11
16224,2010-11
16225,2010-02
16226,2010-10
16227,2010-06
16228,2010-11
16229,2010-05
16231,2010-04
16232,2010-06
16233,2009-12
16234,2010-05
16235,2010-08
16237,2010-09
16238,2010-10
16239,2010-09
16241,2010-10
16242,2010-03
16244,2010-12
16246,2010-02
16250,2010-11
16251,2010-07
16252,2010-11
16253,2009-12
16254,2010-03
16255,2010-01
16256,2010-04
16258,2010-03
16259,2010-04
16261,2010-09
16262,2010-11
16263,2010-10
16264,2010-09
16265,2010-10
16266,2010-02
16267,2010-04
16269,2010-09
16271,2010-03
16273,2010-02
16274,2010-12
16275,2010-03
16276,2010-04
16277,2009-12
16278,2010-07
16279,2010-04
16280,2009-12
16281,2010-01
16282,2009-12
16283,2010-02
16284,2010-11
16285,2010-03
16286,2010-03
16287,2010-01
16288,2010-08
16289,2010-09
16290,2010-05
16291,2010-01
16292,2010-04
16293,2009-12
16294,2010-08
16296,2009-12
16298,2010-09
16299,2010-08
16300,2010-02
16301,2009-12
16303,2010-03
16304,2010-01
16306,2010-10
16307,2010-05
16308,2009-12
16310,2010-03
16312,2010-10
16314,2010-08
16315,2010-06
16316,2010-08
16317,2010-05
16320,2010-01
16321,2009-12
16323,2010-05
16325,2009-12
16326,2010-01
16327,2009-12
16328,2010-05
16329,2009-12
16330,2010-02
16331,2010-03
16332,2010-04
16334,2010-08
16335,2009-12
16336,2010-03
16340,2010-06
16341,2010-04
16343,2010-10
16344,2010-02
16345,2010-08
16346,2010-11
16347,2010-03
16348,2010-10
16350,2010-10
16351,2009-12
16353,2009-12
16354,2010-04
16355,2010-11
16356,2010-06
16357,2010-11
16358,2010-11
16359,2010-02
16362,2010-09
16365,2009-12
16366,2009-12
16367,2010-11
16368,2010-09
16369,2010-04
16371,2010-09
16372,2010-04
16373,2010-10
16374,2010-04
16375,2010-08
16377,2010-04
16381,2010-10
16382,2010-06
16383,2010-02
16384,2010-04
16385,2010-03
16386,2010-11
16387,2010-03
16388,2010-02
16390,2010-01
16391,2010-05
16392,2010-05
16393,2009-12
16395,2009-12
16396,2010-08
16397,2010-03
16399,2010-11
16400,2009-12
16401,2010-06
16402,2010-12
16406,2010-02
16407,2010-10
16408,2010-04
16409,2009-12
16410,2009-12
16411,2010-10
16412,2010-02
16413,2010-11
16414,2010-01
16415,2010-02
16416,2010-02
16417,2010-08
16418,2010-10
16419,2010-02
16420,2010-11
16421,2010-08
16422,2010-01
16424,2010-11
16428,2010-07
16430,2010-01
16433,2010-10
16434,2010-01
16435,2010-07
16436,2009-12
16437,2010-10
16439,2009-12
16440,2010-08
16441,2010-03
16442,2009-12
16443,2010-07
16444,2010-03
16445,2010-10
16447,2010-02
16448,2010-08
16450,2010-02
16451,2009-12
16452,2010-01
16453,2010-06
16454,2010-04
16455,2010-03
16456,2010-03
16458,2010-05
16459,2009-12
16461,2010-03
16465,2010-09
16466,2010-03
16467,2009-12
16468,2010-08
16469,2010-07
16470,2009-12
16471,2010-02
16472,2010-04
16473,2010-11
16476,2010-10
16477,2010-08
16481,2010-01
16485,2009-12
16486,2010-06
16487,2010-02
16489,2010-09
16490,2010-09
16491,2010-10
16492,2010-06
16493,2010-03
16496,2010-07
16497,2009-12
16499,2010-06
16500,2010-06
16501,2010-11
16502,2010-03
16503,2010-06
16507,2010-05
16508,2010-03
16510,2010-01
16511,2010-03
16515,2010-06
16518,2010-06
16519,2010-03
16520,2010-03
16521,2010-03
16522,2010-09
16523,2010-01
16524,2010-01
16525,2009-12
16526,2010-05
16527,2010-10
16529,2010-06
16530,2010-02
16531,2010-09
16532,2010-03
16534,2010-03
16535,2010-01
16537,2010-03
16538,2010-04
16539,2010-06
16540,2010-10
16541,2009-12
16542,2010-11
16543,2010-04
16544,2010-02
16545,2010-11
16546,2010-09
16547,2010-06
16548,2010-04
16549,2010-03
16550,2009-12
16551,2009-12
16552,2010-12
16553,2010-02
16554,2009-12
16555,2010-07
16556,2009-12
16558,2009-12
16559,2010-11
16560,2009-12
16562,2010-08
16563,2009-12
16564,2010-05
16565,2010-06
16568,2010-03
16569,2009-12
16570,2010-03
16571,2010-03
16574,2010-02
16576,2010-07
16577,2010-02
16578,2010-03
16579,2010-10
16583,2010-02
16584,2010-02
16585,2010-01
16586,2010-03
16588,2010-05
16589,2010-09
16590,2010-10
16592,2009-12
16593,2009-12
16595,2010-01
16596,2009-12
16599,2010-11
16600,2009-12
16601,2010-03
16602,2010-11
16604,2010-05
16605,2009-12
16606,2010-10
16607,2010-04
16608,2010-02
16611,2010-03
16612,2009-12
16614,2010-05
16615,2010-03
16619,2010-02
16620,2009-12
16622,2010-06
16623,2010-04
16625,2010-06
16628,2010-03
16630,2010-10
16631,2010-02
16632,2010-05
16634,2010-01
16635,2010-10
16636,2010-03
16638,2010-08
16639,2010-10
16640,2010-11
16641,2010-01
16642,2010-10
16643,2010-10
16645,2009-12
16646,2010-09
16647,2010-06
16648,2010-04
16649,2010-07
16650,2010-07
16651,2010-05
16652,2010-03
16654,2010-04
16655,2010-01
16656,2009-12
16658,2010-03
16660,2010-01
16661,2009-12
16662,2010-11
16663,2009-12
16664,2010-05
16666,2010-03
16668,2010-03
16670,2009-12
16673,2010-01
16675,2010-08
16676,2010-10
16677,2010-02
16679,2010-06
16680,2010-06
16681,2010-03
16683,2010-06
16684,2009-12
16686,2009-12
16687,2010-11
16690,2010-09
16691,2010-05
16692,2010-09
16693,2010-02
16694,2009-12
16695,2010-05
16699,2009-12
16700,2009-12
16701,2009-12
16702,2009-12
16704,2010-02
16705,2009-12
16707,2010-03
16709,2009-12
16710,2009-12
16711,2009-12
16712,2010-11
16713,2009-12
16714,2010-02
16715,2010-05
16716,2010-03
16717,2009-12
16718,2009-12
16719,2009-12
16720,2009-12
16722,2009-12
16723,2009-12
16724,2010-10
16725,2009-12
16726,2010-10
16727,2010-01
16731,2010-03
16732,2009-12
16733,2010-06
16735,2009-12
16736,2009-12
16737,2010-05
16739,2010-06
16740,2010-11
16741,2010-03
16742,2009-12
16743,2010-04
16746,2009-12
16748,2009-12
16749,2009-12
16752,2010-12
16754,2010-03
16755,2009-12
16756,2010-03
16757,2010-10
16760,2010-10
16763,2009-12
16765,2010-11
16767,2010-04
16768,2009-12
16769,2009-12
16770,2010-08
16771,2009-12
16772,2009-12
16773,2009-12
16774,2010-02
16775,2010-09
16776,2010-10
16777,2010-03
16779,2009-12
16780,2010-10
16781,2010-02
16782,2009-12
16783,2010-09
16784,2010-03
16785,2010-10
16786,2010-11
16787,2010-01
16788,2010-02
16791,2009-12
16792,2010-01
16794,2010-03
16795,2010-01
16797,2009-12
16798,2009-12
16799,2010-09
16802,2009-12
16805,2009-12
16807,2010-03
16809,2010-04
16810,2010-10
16812,2010-11
16814,2010-04
16815,2010-06
16817,2010-10
16819,2010-08
16821,2010-11
16822,2010-01
16823,2009-12
16824,2010-11
16825,2010-06
16827,2010-04
16829,2010-11
16830,2009-12
16831,2010-05
16832,2010-09
16833,2010-03
16834,2010-02
16835,2010-05
16836,2010-05
16838,2010-02
16839,2010-02
16840,2010-02
16841,2010-01
16843,2009-12
16844,2010-05
16845,2010-03
16846,2010-03
16847,2010-03
16848,2010-10
16854,2010-03
16856,2010-09
16857,2010-09
16858,2009-12
16859,2010-03
16860,2010-02
16861,2010-07
16862,2010-01
16863,2010-10
16864,2010-04
16865,2010-11
16867,2010-01
16868,2010-04
16870,2010-08
16872,2010-09
16873,2010-02
16874,2010-11
16875,2010-01
16876,2010-11
16880,2010-08
16883,2009-12
16884,2010-05
16885,2010-11
16886,2010-09
16887,2009-12
16888,2010-01
16889,2010-05
16890,2010-05
16891,2009-12
16892,2009-12
16893,2010-11
16894,2010-06
16895,2010-02
16896,2010-06
16898,2010-05
16899,2010-11
16901,2009-12
16903,2010-10
16904,2010-10
16905,2009-12
16906,2010-05
16907,2010-07
16908,2009-12
16911,2010-02
16912,2009-12
16913,2010-02
16915,2010-05
16916,2010-10
16917,2010-03
16918,2009-12
16919,2010-08
16920,2010-10
16921,2010-04
16922,2010-05
16923,2010-01
16925,2010-06
16926,2010-07
16928,2010-02
16931,2010-11
16932,2010-05
16933,2009-12
16934,2010-03
16935,2010-10
16936,2010-11
16937,2010-07
16938,2010-02
16939,2010-02
16940,2009-12
16941,2010-04
16943,2010-03
16944,2010-04
16945,2009-12
16946,2010-03
16947,2010-03
16948,2010-02
16950,2010-01
16952,2009-12
16954,2010-01
16955,2010-01
16958,2010-09
16960,2010-03
16961,2010-06
16962,2010-10
16964,2009-12
16970,2010-03
16972,2010-09
16973,2010-11
16974,2010-05
16975,2010-07
16977,2010-03
16978,2010-02
16979,2010-09
16980,2010-10
16983,2010-09
16984,2010-03
16985,2009-12
16986,2010-02
16987,2009-12
16988,2010-11
16990,2010-10
16991,2010-10
16992,2010-02
16993,2010-05
16996,2010-10
16998,2010-09
17000,2010-10
17001,2010-03
17002,2010-03
17003,2010-05
17004,2010-10
17005,2010-04
17006,2010-03
17007,2010-09
17008,2010-10
17009,2010-06
17011,2010-02
17012,2009-12
17016,2010-05
17017,2009-12
17018,2009-12
17019,2009-12
17020,2010-03
17021,2010-04
17022,2010-10
17023,2010-01
17025,2010-03
17026,2010-10
17027,2009-12
17028,2009-12
17029,2010-02
17031,2010-05
17032,2009-12
17033,2010-11
17034,2010-07
17035,2009-12
17036,2010-11
17038,2010-10
17039,2010-04
17040,2010-06
17041,2010-04
17043,2009-12
17044,2009-12
17045,2010-10
17046,2010-03
17047,2009-12
17048,2010-01
17049,2010-03
17050,2010-01
17051,2010-03
17055,2010-09
17056,2009-12
17057,2010-04
17059,2010-01
17062,2010-09
17063,2009-12
17065,2010-03
17066,2009-12
17067,2009-12
17068,2010-03
17069,2009-12
17070,2010-10
17071,2010-01
17072,2010-03
17074,2010-05
17075,2009-12
17076,2009-12
17077,2010-05
17080,2010-07
17081,2010-02
17082,2009-12
17083,2010-02
17084,2010-11
17085,2009-12
17087,2009-12
17089,2010-11
17090,2010-07
17091,2009-12
17092,2010-02
17093,2010-04
17094,2010-10
17095,2009-12
17096,2010-06
17097,2010-10
17098,2010-06
17099,2010-06
17101,2010-06
17103,2009-12
17104,2010-10
17106,2010-11
17107,2010-01
17108,2010-02
17109,2010-07
17110,2010-04
17111,2010-10
17112,2010-07
17113,2010-01
17115,2009-12
17116,2010-03
17121,2010-11
17122,2010-07
17123,2010-05
17126,2010-08
17127,2009-12
17129,2010-07
17132,2010-08
17133,2010-03
17134,2010-09
17135,2010-05
17136,2010-02
17137,2010-01
17138,2010-02
17139,2010-01
17141,2010-01
17142,2010-01
17143,2010-07
17145,2010-02
17146,2010-02
17147,2010-01
17149,2010-09
17150,2009-12
17151,2009-12
17152,2010-10
17155,2009-12
17156,2010-08
17157,2009-12
17158,2010-03
17159,2010-03
17160,2009-12
17161,2010-09
17163,2010-02
17165,2009-12
17167,2010-09
17168,2010-07
17169,2010-05
17170,2010-11
17171,2010-02
17172,2009-12
17176,2010-01
17177,2010-07
17178,2009-12
17179,2010-05
17180,2010-01
17181,2010-04
17182,2009-12
17184,2009-12
17185,2010-04
17187,2010-07
17188,2009-12
17189,2009-12
17190,2010-03
17191,2009-12
17192,2010-06
17193,2009-12
17194,2010-06
17195,2010-02
17196,2010-10
17198,2010-12
17199,2010-05
17200,2010-02
17201,2010-02
17202,2010-10
17203,2010-11
17204,2010-06
17205,2010-05
17207,2010-02
17208,2010-11
17209,2009-12
17210,2010-11
17211,2009-12
17212,2010-08
17213,2009-12
17215,2010-09
17216,2010-06
17217,2010-03
17218,2010-01
17219,2010-10
17220,2010-01
17221,2010-04
17222,2010-01
17223,2010-11
17224,2010-07
17225,2010-05
17226,2010-02
17227,2010-01
17228,2010-03
17230,2009-12
17231,2009-12
17233,2009-12
17235,2010-06
17236,2010-03
17237,2010-11
17238,2009-12
17239,2010-07
17240,2010-04
17241,2010-02
17242,2010-01
17243,2009-12
17244,2009-12
17245,2010-01
17246,2009-12
17248,2010-08
17249,2010-10
17251,2009-12
17254,2010-11
17255,2010-09
17256,2010-04
17257,2010-09
17258,2010-02
17259,2010-02
17260,2010-10
17261,2010-07
17262,2009-12
17264,2010-10
17266,2010-03
17268,2009-12
17269,2010-11
17270,2009-12
17271,2009-12
17273,2010-10
17274,2010-11
17275,2010-11
17276,2010-11
17278,2010-05
17280,2010-09
17281,2010-02
17282,2010-06
17283,2010-11
17284,2010-09
17285,2010-02
17286,2010-11
17287,2009-12
17288,2010-11
17289,2010-03
17290,2009-12
17292,2010-05
17293,2009-12
17294,2010-02
17296,2009-12
17298,2010-03
17299,2010-08
17300,2010-08
17301,2010-03
17304,2010-06
17305,2010-03
17306,2010-11
17307,2010-01
17308,2010-09
17309,2010-02
17310,2010-06
17311,2010-02
17314,2009-12
17315,2010-09
17316,2010-10
17318,2009-12
17319,2010-02
17320,2010-01
17321,2010-05
17322,2009-12
17323,2010-01
17324,2009-12
17325,2010-03
17326,2010-06
17327,2010-05
17328,2010-02
17329,2009-12
17330,2010-03
17332,2010-02
17334,2010-10
17335,2010-01
17336,2010-08
17338,2010-03
17339,2010-07
17340,2010-02
17341,2010-06
17342,2010-02
17343,2009-12
17344,2009-12
17345,2009-12
17346,2010-04
17348,2010-03
17349,2010-03
17350,2010-02
17351,2009-12
17352,2010-01
17353,2010-03
17354,2010-10
17355,2010-11
17356,2010-01
17358,2010-02
17359,2010-03
17360,2010-10
17361,2010-02
17362,2010-01
17363,2010-11
17364,2009-12
17365,2010-02
17366,2010-09
17368,2009-12
17369,2010-09
17371,2009-12
17372,2009-12
17373,2010-02
17374,2010-11
17375,2010-10
17376,2010-07
17377,2009-12
17378,2010-11
17380,2010-06
17381,2010-06
17382,2010-05
17383,2010-09
17384,2010-08
17386,2010-11
17388,2009-12
17389,2009-12
17390,2010-10
17392,2010-09
17393,2010-08
17395,2010-07
17396,2010-09
17397,2010-10
17400,2009-12
17401,2010-06
17402,2009-12
17403,2010-09
17404,2010-01
17406,2009-12
17407,2010-10
17408,2010-07
17409,2009-12
17411,2009-12
17412,2009-12
17413,2010-05
17414,2009-12
17416,2009-12
17417,2010-06
17418,2010-11
17419,2010-01
17420,2010-11
17421,2009-12
17422,2010-06
17423,2010-11
17426,2010-02
17428,2009-12
17429,2010-10
17430,2010-08
17432,2009-12
17433,2010-11
17435,2010-10
17436,2009-12
17437,2010-06
17438,2010-03
17439,2010-02
17440,2010-06
17441,2009-12
17442,2010-02
17448,2010-03
17449,2009-12
17450,2010-09
17454,2010-01
17456,2010-09
17457,2009-12
17458,2010-11
17460,2010-01
17463,2010-04
17464,2010-03
17465,2009-12
17467,2010-11
17468,2010-11
17469,2009-12
17470,2010-07
17471,2010-08
17472,2010-03
17473,2010-09
17474,2010-04
17476,2009-12
17477,2010-03
17478,2010-03
17479,2010-03
17480,2010-09
17482,2010-05
17483,2010-10
17484,2010-03
17487,2009-12
17488,2010-03
17490,2010-05
17491,2010-04
17492,2010-07
17493,2010-11
17494,2010-07
17495,2010-11
17496,2010-01
17497,2010-04
17499,2010-05
17504,2010-02
17505,2010-04
17508,2009-12
17510,2010-10
17511,2009-12
17512,2009-12
17513,2010-08
17514,2010-02
17515,2010-06
17516,2010-11
17518,2010-03
17519,2009-12
17521,2010-10
17524,2010-09
17525,2010-10
17526,2009-12
17529,2010-01
17530,2009-12
17531,2010-03
17532,2010-11
17533,2010-10
17534,2010-02
17536,2010-01
17539,2009-12
17540,2010-04
17541,2010-07
17542,2010-03
17543,2010-06
17544,2010-11
17545,2010-05
17547,2010-02
17548,2010-11
17550,2010-02
17552,2010-03
17553,2010-04
17555,2010-05
17556,2010-11
17557,2009-12
17558,2010-11
17559,2010-07
17560,2010-02
17561,2009-12
17563,2010-04
17565,2010-05
17567,2010-09
17568,2010-03
17570,2010-11
17571,2010-06
17572,2009-12
17575,2010-02
17576,2009-12
17577,2010-02
17578,2010-06
17579,2010-05
17580,2010-10
17581,2009-12
17582,2010-03
17583,2010-05
17584,2010-01
17585,2010-08
17586,2010-03
17587,2010-03
17588,2010-03
17589,2010-03
17591,2010-01
17592,2009-12
17593,2009-12
17594,2010-04
17596,2009-12
17597,2010-05
17598,2010-11
17599,2010-08
17601,2010-11
17602,2010-03
17603,2009-12
17604,2010-01
17605,2010-04
17606,2009-12
17607,2010-11
17608,2010-04
17609,2010-04
17610,2009-12
17611,2009-12
17612,2009-12
17615,2010-08
17616,2010-09
17617,2010-05
17618,2010-01
17621,2010-10
17622,2010-04
17623,2009-12
17624,2009-12
17625,2009-12
17626,2010-04
17627,2010-08
17629,2010-10
17631,2009-12
17633,2010-11
17635,2010-04
17638,2009-12
17639,2010-08
17640,2010-03
17642,2009-12
17643,2010-07
17644,2010-02
17646,2009-12
17647,2010-02
17648,2010-11
17649,2010-08
17651,2010-07
17655,2010-10
17657,2010-10
17659,2010-11
17660,2009-12
17662,2009-12
17663,2010-03
17664,2010-03
17665,2010-08
17666,2010-06
17667,2010-02
17669,2010-04
17671,2010-11
17672,2010-01
17673,2010-03
17674,2010-12
17675,2009-12
17676,2010-03
17677,2009-12
17678,2010-04
17679,2009-12
17680,2010-07
17681,2010-01
17682,2010-03
17683,2010-06
17685,2010-02
17686,2010-06
17687,2010-10
17688,2010-11
17689,2010-08
17690,2010-02
17691,2010-06
17692,2010-06
17694,2010-05
17695,2010-01
17696,2009-12
17699,2010-05
17700,2009-12
17702,2010-11
17703,2010-10
17705,2010-05
17706,2010-01
17707,2009-12
17708,2010-10
17709,2010-04
17710,2010-10
17713,2010-06
17714,2010-07
17715,2010-04
17716,2009-12
17717,2010-10
17718,2010-03
17720,2010-05
17721,2010-02
17722,2010-11
17723,2010-11
17726,2010-01
17728,2010-09
17729,2010-04
17730,2010-04
17731,2010-02
17732,2010-08
17734,2010-03
17735,2010-07
17738,2010-03
17739,2009-12
17740,2010-01
17741,2010-05
17742,2009-12
17743,2010-09
17744,2010-11
17745,2010-06
17746,2010-04
17748,2010-06
17749,2010-06
17751,2010-10
17753,2010-01
17754,2009-12
17756,2010-11
17757,2010-01
17758,2010-05
17759,2010-05
17760,2010-02
17762,2010-09
17763,2010-02
17764,2009-12
17765,2010-09
17766,2010-11
17767,2010-10
17768,2009-12
17769,2010-01
17771,2010-04
17772,2010-11
17773,2010-01
17774,2010-02
17776,2009-12
17778,2010-02
17780,2010-01
17782,2010-11
17783,2010-07
17784,2010-06
17785,2010-05
17787,2010-12
17789,2010-02
17790,2010-06
17792,2010-08
17794,2010-01
17796,2010-10
17797,2009-12
17798,2010-05
17799,2009-12
17801,2010-01
17802,2009-12
17803,2010-11
17804,2009-12
17805,2010-04
17807,2010-01
17808,2010-05
17809,2009-12
17810,2010-01
17811,2010-09
17812,2010-06
17814,2010-10
17815,2010-11
17816,2009-12
17817,2010-10
17818,2009-12
17819,2009-12
17820,2010-11
17821,2010-10
17822,2010-05
17823,2010-10
17825,2009-12
17826,2010-11
17827,2010-03
17829,2010-02
17833,2009-12
17834,2010-09
17838,2010-03
17840,2010-09
17841,2009-12
17842,2010-04
17843,2010-10
17845,2010-05
17847,2010-03
17848,2009-12
17849,2010-03
17850,2009-12
17851,2009-12
17852,2009-12
17853,2009-12
17854,2009-12
17855,2010-12
17857,2010-03
17858,2009-12
17860,2009-12
17861,2009-12
17862,2010-05
17863,2010-02
17864,2010-10
17865,2009-12
17866,2009-12
17867,2009-12
17868,2010-11
17869,2010-06
17870,2010-11
17871,2010-01
17872,2010-11
17873,2009-12
17875,2010-01
17876,2010-02
17878,2010-11
17880,2009-12
17882,2010-11
17883,2010-02
17884,2009-12
17886,2010-04
17888,2009-12
17889,2010-03
17894,2010-08
17897,2010-05
17898,2010-05
17901,2010-07
17902,2010-06
17903,2010-11
17905,2010-01
17907,2010-03
17908,2009-12
17909,2009-12
17910,2009-12
17912,2010-11
17913,2009-12
17915,2010-06
17916,2009-12
17918,2010-07
17919,2010-09
17920,2009-12
17921,2010-07
17922,2010-06
17923,2010-06
17924,2010-10
17925,2010-12
17926,2010-05
17927,2009-12
17928,2010-05
17929,2009-12
17930,2010-03
17931,2010-02
17933,2010-03
17934,2010-10
17935,2009-12
17938,2010-10
17940,2009-12
17941,2010-01
17944,2010-10
17945,2010-01
17949,2009-12
17950,2010-01
17951,2010-10
17952,2010-06
17953,2010-06
17954,2009-12
17955,2010-02
17958,2009-12
17959,2010-04
17960,2010-03
17961,2009-12
17962,2010-01
17963,2010-01
17964,2010-12
17965,2009-12
17966,2010-01
17967,2010-10
17968,2010-07
17969,2009-12
17971,2010-06
17974,2010-10
17975,2010-08
17976,2010-12
17977,2010-11
17978,2009-12
17980,2010-11
17981,2010-10
17982,2010-01
17983,2010-11
17984,2009-12
17987,2010-06
17988,2009-12
17989,2010-11
17990,2009-12
17991,2010-04
17992,2010-11
17993,2010-04
17994,2010-03
17995,2010-11
17996,2010-06
17998,2009-12
17999,2010-11
18000,2010-05
18001,2009-12
18002,2009-12
18003,2010-11
18006,2009-12
18007,2010-11
18008,2010-01
18009,2010-02
18011,2010-05
18012,2009-12
18016,2010-01
18017,2010-10
18018,2010-10
18020,2010-06
18021,2010-07
18022,2010-06
18025,2010-03
18026,2010-07
18028,2010-05
18029,2010-03
18031,2010-11
18034,2010-11
18035,2010-11
18036,2009-12
18037,2009-12
18038,2010-06
18039,2010-03
18041,2010-01
18042,2010-06
18043,2010-12
18044,2010-05
18046,2010-02
18047,2010-11
18048,2010-08
18049,2010-04
18050,2010-11
18051,2009-12
18052,2010-05
18053,2010-06
18054,2010-11
18055,2010-10
18056,2010-03
18057,2010-01
18058,2010-02
18060,2010-05
18061,2009-12
18062,2010-04
18063,2010-03
18064,2010-02
18065,2009-12
18066,2010-10
18069,2010-02
18070,2010-02
18071,2009-12
18074,2010-07
18075,2010-07
18076,2010-11
18077,2009-12
18078,2010-03
18079,2010-08
18083,2010-11
18084,2010-11
18085,2010-03
18087,2009-12
18089,2010-09
18090,2010-10
18091,2010-04
18092,2009-12
18093,2010-03
18094,2010-01
18095,2010-04
18096,2010-07
18097,2009-12
18098,2010-11
18100,2010-06
18101,2010-02
18102,2009-12
18103,2010-06
18106,2010-01
18107,2010-09
18108,2009-12
18109,2010-07
18110,2010-10
18111,2010-04
18112,2010-06
18113,2010-12
18115,2010-01
18116,2010-10
18118,2010-11
18119,2010-12
18123,2010-07
18124,2010-08
18127,2010-11
18128,2010-06
18131,2010-03
18132,2010-07
18134,2010-01
18135,2010-03
18136,2010-09
18137,2010-06
18140,2010-08
18141,2010-04
18144,2009-12
18145,2009-12
18148,2010-03
18149,2010-03
18151,2010-03
18152,2010-03
18153,2010-02
18154,2010-08
18156,2010-12
18157,2010-05
18160,2010-11
18161,2010-11
18162,2009-12
18163,2010-05
18166,2010-03
18168,2009-12
18170,2010-01
18171,2010-01
18172,2009-12
18173,2010-04
18174,2010-04
18175,2010-02
18177,2009-12
18178,2010-02
18179,2010-02
18181,2009-12
18182,2010-09
18186,2009-12
18187,2010-03
18188,2010-03
18189,2010-03
18190,2009-12
18191,2010-08
18193,2010-09
18194,2010-01
18195,2010-11
18196,2010-03
18197,2010-05
18199,2010-01
18201,2009-12
18203,2009-12
18206,2010-06
18207,2010-07
18208,2010-05
18210,2010-11
18212,2010-01
18214,2010-06
18215,2010-03
18217,2010-07
18218,2010-02
18219,2009-12
18220,2009-12
18221,2010-11
18223,2009-12
18225,2009-12
18226,2010-03
18227,2010-08
18229,2009-12
18230,2010-07
18231,2010-01
18234,2010-06
18236,2010-04
18238,2010-07
18239,2010-10
18241,2010-04
18242,2010-01
18243,2010-10
18244,2010-07
18245,2010-03
18246,2010-04
18247,2010-03
18251,2009-12
18252,2009-12
18253,2010-03
18254,2010-05
18255,2010-09
18256,2010-11
18257,2010-02
18258,2010-05
18259,2009-12
18260,2009-12
18262,2010-04
18264,2010-07
18266,2010-10
18267,2010-02
18268,2009-12
18269,2010-12
18270,2010-10
18271,2009-12
18272,2010-03
18273,2010-04
18275,2009-12
18276,2009-12
18277,2010-08
18278,2010-10
18279,2010-07
18280,2010-11
18281,2010-05
18283,2010-02
18284,2010-10
18285,2010-02
18286,2009-12
18287,2010-05
